Name,Sequence,Model,Left,Right,Length_Loop,Loop_seq,Loop_seq_4,Model_int,Result
DIVJ_CAUVC,GRARFLANMSHELRTPLNAIMGFSDIMRARMFGPLSDRYAEYAELIHESGGHLLDLINDVLDMSKIEAE,Trans,29,36,8,ARMFGPLS,DIMRARMFGPLSDRYA,1,1
P72936_SYNY3,QRESMVHMIVHDLRNPLTNLILGIQVLQRSHSDAPLPPERLDRLLQAGQQIQHLVDDMLVVSKQEHG,Trans,31,37,7,HSDAPLP,LQRSHSDAPLPPERL,1,1
O28789_ARCFU,ELEAYVHAISHDLRAPLRNLQGYVSALVEDYGEKLEEDARFYLSRLKALTEKMDGLINDLLEYARVSKA,Trans,32,36,5,GEKLE,VEDYGEKLEEDAR,1,1
KINA_BACSU,IAGQLAAGIAHEIRNPLTAIKGFLQLMKPTMEGNEHYFDIVFSELSRIELILSELLMLAKPQQN,Trans,30,33,4,TMEG,LMKPTMEGNEHY,1,1
O86808_STRCO,YKSEFLANMSHELRTPLNSLLILAKLLADNADANLTPKQVEFAETIHGAGSDLLQLINDILDLSKVDAG,Trans,29,36,8,DNADANLT,KLLADNADANLTPKQV,1,1
O07845_RALSL,AIGTLSAGLLHEINNPVNFCLMAIAVAQEDTTAKASPMLLECLADAKEGMQRVQHIVSDLKTFAYRSPE,Trans,29,36,8,EDTTAKAS,AVAQEDTTAKASPMLL,1,1
PHYB_SORBI,ARMKELAYICQEIKNPLSGIRFTNSLLQMTDLNDDQRQFLETCSACEKQMSKIVKDATLQSIEDG,Trans,29,33,5,MTDLN,SLLQMTDLNDDQR,1,1
CKI1_ARATH,NKSQAFANASHDIRGALAGMKGLIDICRDGVKPGSDVDTTLNQVNVCAKDLVALLNSVLDMSKIESG,Trans,30,35,6,GVKPGS,ICRDGVKPGSDVDT,1,1
YBDK_BACSU,IKKELLQKLRHDINTPLTALRLQLFYLEDQCHGQAVFESLYQQIEYISELTNEFNLYSAETLE,Trans,29,33,5,DQCHG,FYLEDQCHGQAVF,1,1
VIRA_AGRT9,AVGTLAGGIAHEFNNILGSILGHAELAQNSVSRTSVTRRYIDYIISSGDRAMLIIDQILTLSRKQER,Trans,29,35,7,NSVSRTS,ELAQNSVSRTSVTRR,1,1
CSEC_STRCO,AERRVTADIAHELRTPVTGLLTAAELLPPGRPTELVLDRAKAMRTLVEDVLEVARLDGA,Trans,25,30,6,ELLPPG,LTAAELLPPGRPTE,1,1
I9SGS0_9BACE,SRKKAVYTITHELRTPLTAITGYTELLRKECNSGNNGQYIQNILQSSDRMRDMLNTLLDFFRLDNG,Trans,29,33,5,KECNS,ELLRKECNSGNNG,1,1
ERS2_ARATH,AKAAFEQMMSDAMRCPVRSILGLLPLILQDGKLPENQTVIVDAMRRTSELLVQLVNNAGDINNG,Trans,29,34,6,QDGKLP,PLILQDGKLPENQT,1,1
P73828_SYNY3,SKSEFLATMSHEIRTPMNAIIGMTGLLLDTDLTTQQKYFAQTIRNSGETLLTLINDILDFSKIEAG,Trans,29,33,5,DTDLT,GLLLDTDLTTQQK,1,1
DOKA_DICDI,LKTQFITNISHELRTPCHGIVGMSQLLLDSQLTNTQRDNIDSIKRSTDSLISLINDILDFSKLEYG,Trans,29,33,5,DSQLT,QLLLDSQLTNTQR,1,1
Q38VM6_LACSS,DQKDFIDGWVHESKVPLAATQLLVESIEDQIPEEKFNQLTDELVQIEHYVEQVLYYSRLDSF,Trans,27,32,6,IEDQIP,LVESIEDQIPEEKF,1,1
DHKC_DICDI,KSIDMISHLSHELRTPIHSVIASIQLFRSTILTVTQNEYLSIIDTSANTLLELVSNVLDYKRIRSG,Trans,29,33,5,STILT,QLFRSTILTVTQN,1,1
O51970_HALSA,RLDEFASVVSHDLRNPLNVAEGRLELAMENCESEHHDSVAQSLDRMESLIDDVLSLARAGEA,Trans,29,33,5,ENCES,ELAMENCESEHHD,1,0
Q43911_AZOBR,SVTAMASMLGHEVKNPLSGIRGAAQLLEENCSESDRVLTRLICDEADRIVALVNRMEVFSDQRPP,Trans,29,32,4,ENCS,QLLEENCSESDR,1,1
Q9ZMR7_HELPJ,SRVLFLRSIMHELRTPITKGKILSSMLKEELSCKRFSSIFDHLNMLIEQFARIEQLASKNYG,Trans,25,29,5,SMLKE,KILSSMLKEELSC,1,1
O06468_YEREN,DRTLLMAGVSHDLRTPLTRIRLATEMMSEADGYLSDSINKDIEECNAIIEQFIDYLRTGQE,Trans,26,28,3,MMS,LATEMMSEADG,1,1
Q55300_SYNP6,QEQDRLEVLLHQIKNPLTALRTFAKLLLRRMQPEERNRQLAASLLRESDRLADLLNLLNSPSQSAPT,Trans,30,35,6,RMQPEE,LLLRRMQPEERNRQ,1,1
Q48675_9LACT,DLSFQVAALSHDVKTPLTVLKGNIELLEMTEVNEQQADFIESMKNSLTVFDKYFNTMISYTKLLND,Trans,29,33,5,MTEVN,ELLEMTEVNEQQA,1,1
Q1DCW5_MYXXD,QLKMMLAGVAHEVRNPIGGIALFSGILKEDLQAGAHADAGAHVERIQREVAYLQRIVEDFLAFAREQPL,Trans,33,36,4,AGAH,EDLQAGAHADAG,1,0
PLEC_CAUVC,AKSEFLANMSHELRTPLNAINGFSEIMMNEMFGPLGDQRYKGYSQDIHSSGQHLLALINDILDMSKIEAG,Trans,29,37,9,NEMFGPLGD,EIMMNEMFGPLGDQRYK,1,1
O66656_AQUAE,TQKEFLANLSHELKTPLAVVMNTLETLLDMEEESVKRELIGRALKRVKEAISLTETVYMLSFSKGK,Trans,30,33,4,MEEE,TLLDMEEESVKR,1,1
GLRK_ECOLI,QRHQFLRHLSHELKTPLASMREGTELLADQVVGPLTPEQKEVVSILDSSSRNLQKLIEQLLDYNRKQAD,Trans,29,36,8,DQVVGPLT,ELLADQVVGPLTPEQK,1,0
A6UEL8_SINMW,QLDGLAAAAAHELGTPLATISVVAKEMERELGDDPRFGEDVHLLRSQSERCRDILRRLTTLSSESEE,Trans,32,36,5,GDDPR,ERELGDDPRFGED,1,1
PHYA3_AVESA,KRLKAFSYMRHAINNPLSGMLYSRKALKNTDLNEEQMKQIHVGDNCHHQINKILADLDQDSITEK,Trans,29,33,5,NTDLN,KALKNTDLNEEQM,1,1
P74139_SYNY3,DIESATAFIRHELRTPINAIVGYGEMVQEELAEANSPLTEEIDTLLVEAQKLLEIINLFVKHSDG,Trans,34,36,3,ANS,ELAEANSPLTE,1,1
O07384_LACLC,ERRLFVSNVSHELRTPLTSVKAYLEALEDGAIDDKETASSFIRCFTNRNQSDDSVISDLLTLSRMDQD,Cis,29,34,6,DGAIDD,EALEDGAIDDKETA,0,0
O68597_PSEAI,LQRQLLRDLSHELRTPLARLQVAAEGTLSAQLLRERLEQEVQGMQQLVDNTLELAWMDTE,Cis,25,29,5,EGTLS,QVAAEGTLSAQLL,0,0
TCRY_MYCTU,CVRQFVADASHELRTPLAAIRGYTELTQRIGDDPEAVAHAMSRVASETERITRLVEDLLLLARLDSG,Cis,30,33,4,IGDD,LTQRIGDDPEAV,0,0
Q9ZIB4_CAMRE,FLNGFIRDTTHEINTPLSVILMSIEMFXTDPQKYLNNIKTASKTIXTLYEDLTLVKFGGE,Cis,26,30,5,MFXTD,MSIEMFXTDPQKY,0,0
CSSS_BACSU,TERTLLQNISHDLKTPVMVIRGYTQSIKDGIFPKGDLENTVDVIECEALKLEKKIKDLLYLTKLDYL,Cis,29,36,8,DGIFPKGD,QSIKDGIFPKGDLENT,0,0
PGTB_SALTY,VVGQTMTTLAHEINQPLNALSMYLFTAGRAIEQGQSGQARNTLTKAEGLINRIDAIIRSLRQFTRRAEL,Cis,33,35,3,QGQ,RAIEQGQSGQA,0,0
P72560_SYNE7,QMQQFTADAAHELRTPLAALQATVESHQPSEAAQVWPVLERQMTRLQLLIEDLLLLSRLDRD,Cis,26,28,3,SHQ,ATVESHQPSEA,0,0
O86661_STRCO,RERDFTANASHQLRTPLTGLQLTLEAGLAQDDDAGTRPALQEALATTRRLHRTVEEVLRLSRFHGL,Cis,29,32,4,AQDD,EAGLAQDDDAGT,0,0
P71815_MYCTU,RMRQFITDASHELRTPLTTIRGFAELYRQGAARDVGMLLSRIESEASRMGLLVDDLLLLARLDAH,Cis,29,34,6,QGAARD,ELYRQGAARDVGML,0,0
O85303_SALDU,RLNQFADDLAHELRTPVNILLGKNQVMLSQERSAEEYQQALVDNIEELEGLSRLTENILFLARAEHQ,Cis,28,33,6,LSQERS,NQVMLSQERSAEEY,0,0
Q55718_SYNY3,SLKQFTADASHELRNPIAVIQTNVQQALEYPEADPQQQRQQLQVIERLTQRLGNLVNDLLFLARSDSG,Cis,29,34,6,EYPEAD,QQALEYPEADPQQQ,0,0
YCLK_BACSU,RRRQFIADVSHELKTPLTTINGLVEGLNSHTIPEDKKDKCFSLISEETKRMLRLVKENLDYEKIRSQ,Cis,29,33,5,SHTIP,EGLNSHTIPEDKK,0,0
O28171_ARCFU,HLSLLNKMLRHDILNDLTVIRAAIELKDEKLLETALSKIDRISRMIYEVKNLEMAGDV,Cis,26,28,3,LKD,AAIELKDEKLL,0,0
Q7DAM9_STRP1,LQSRFISDVSHELRTPVAIIKGHIGLLQRWGKDDSDILEESLTATAHEADRMAIMINDMLDMIRVQGS,Cis,29,34,6,RWGKDD,GLLQRWGKDDSDIL,0,1
O88056_STRCO,SHAELIATVAHELRSPLTSVKGFTATLLAKWERFTDDQKRLMLETVDADADRVTRLIAELLDISRIDSG,Cis,33,35,3,RFT,AKWERFTDDQK,0,0
RESE_BACSU,LREDFIANVSHELRTPISMLQGYSEAIVDDIASSEEDRKEIAQIIYDESLRMGRLVNDLLDLARMESG,Cis,29,34,6,DDIASS,EAIVDDIASSEEDR,0,0
O42695_CANAX,AKTVFIANISHELRTPLNGILGMTSIAMEEEDPNVIHDSLKLIHRSGELLLHILTELLTYSKNTLN,Cis,29,32,4,EEED,SIAMEEEDPNVI,0,0
Q9ZD78_RICPR,LKHEFLRNINHEINTPLTGIISLGETLWANYDKFNEDQRRNAVEVIAKSSIRLNSFINNILDFSKLSSL,Cis,33,35,3,KFN,ANYDKFNEDQR,0,1
A2RLC7_LACLM,NEQQFVSDASHELRTPVAAIRGHVTLLKRRWHEHPEIIDDSLSYIDEESLRMKGLIENLLTISRGNHL,Cis,33,34,2,EH,RRWHEHPEII,0,0
Q9ZC33_YERPE,TKSTFLATISHELRTPMYAIMGLLELEIRSNRPVEKDTLVTVSKSAQSLMLLLDDIIDSAKIEAG,Cis,29,35,7,RSNRPVE,ELEIRSNRPVEKDTL,0,0
P73337_SYNY3,LRSRFISTTSHEFRTPLAIISSSTGILKKYWPKLDGQRRGQHLERIEESVHHMVELLDDVLTINRAETK,Cis,33,35,3,KLD,KYWPKLDGQRR,0,0
O30988_PSEFL,AMGELVASITHELNQPLAAMVANSHACRRWLNSNPPNLKEGVASVEAVVRDSQRAAEVVLRLRMFMRRGEI,Cis,32,37,6,NSNPPN,RRWLNSNPPNLKEG,0,0
Q55941_SYNY3,QIQQFTADIAHELRTPITAIQATLETTLNAEPNAEETHSTLQTLKRQNYRLSHLIHDLLLLSRMDLT,Cis,29,33,5,NAEPN,ETTLNAEPNAEET,0,0
PCOS_ECOLX,KLSDFSSDIAHELRTPVSNLMMQTQFALAKERDVSHYREILFANLEELKRLSRMTSDMLFLARSEHG,Cis,28,33,6,LAKERD,TQFALAKERDVSHY,0,0
O87346_9LACT,ERNEFLSSVAHELRTPLTFIKGYADIANRSTTSLEDKTQYLRIIREESRHLTQLMEDLMNLAQLEEN,Cis,28,33,6,NRSTTS,ADIANRSTTSLEDK,0,0
KDPD_MYCTU,LRRSLLSAVSHDLRTPLAAAKVAVSSLRTEDVAFSPEDTAELLATIEESIDQLTALVANLLDSSRLAAG,Cis,28,35,8,RTEDVAFS,VSSLRTEDVAFSPEDT,0,0
O54137_STRCO,IRTALLAAVSHDLRTPLAGIKAAVTSLRSDDVAWSEEDRAELLEGIEEGADRLDHLVGNLLDMSRLQTG,Cis,28,35,8,RSDDVAWS,VTSLRSDDVAWSEEDR,0,0
LUXN_VIBCB,QSRALANSIAHEMRNPLAQVQLQFEALKQHIENHAPVEQITLDIENGQAAIQRGRQLIDIILREVSDSSP,Cis,33,36,4,NHAP,QHIENHAPVEQI,0,0
O29216_ARCFU,ENLEQFQFLADRLRNPLAVIQGVAELAEEMDTNTVFEMVRRSAKKMKEVLDSLSEAE,Cis,29,31,3,EMD,ELAEEMDTNTV,0,0
COPS_PSEUB,RLSNFSADIAHELRTPISNLRTHTEVILAKKRAPEVYEENLSSNLEELNRLSGIIDGMLFLAKSDNG,Cis,29,33,5,AKKRA,EVILAKKRAPEVY,0,0
